<?xml version="1.0" encoding="UTF-8"?>

<!DOCTYPE struts PUBLIC
        "-//Apache Software Foundation//DTD Struts Configuration 2.5//EN"
        "http://struts.apache.org/dtds/struts-2.5.dtd">

<struts>

    <package name="default" extends="struts-default">
    </package>


    <include file="struts_xml/struts-session.xml"/>
    <include file="struts_xml/struts-member.xml"/>
    <include file="struts_xml/struts-creation-spot.xml"/>
    <include file="struts_xml/struts-creation-route.xml"/>
    <include file="struts_xml/struts-creation-comment.xml"/>
    <!--<include file="struts_xml/__todelete/struts-site.xml"/>-->
    <!--<include file="struts_xml/__todelete/struts-spot.xml"/>-->
    <include file="struts_xml/struts-topo.xml"/>
    <include file="struts_xml/struts-search.xml"/>
    <include file="struts_xml/struts-default2.xml"/>





</struts>