<!--
<?xml version="1.0" encoding="UTF-8"?>

<!DOCTYPE struts PUBLIC
        "-//Apache Software Foundation//DTD Struts Configuration 2.5//EN"
        "http://struts.apache.org/dtds/struts-2.5.dtd">

<struts>


    <package name="Spot" extends="struts-default">


        &lt;!&ndash; CREATE&ndash;&gt;
        <action name="spot_new"
                class="org.example.demo.climb.webapp.action.__todelete.GestionSpotAction"
                method="doCreate">
            <interceptor-ref name="store">
                <param name="operationMode">RETRIEVE</param>
            </interceptor-ref>
            <interceptor-ref name="defaultStack"/>
            <result name="input">/jsp/spot/form/newTopo.jsp</result>
            <result name="success" type="redirectAction">
                <param name="actionName">spot_list</param>
            </result>
            <result name="error">/jsp/login.jsp</result>
        </action>


        &lt;!&ndash; READ ALL &ndash;&gt;
        <action name="spot_list"
                class="org.example.demo.climb.webapp.action.CreationSpotAction"
                method="doList">
            <result>/jsp/spot/topoSpace.jsp</result>

        </action>

        &lt;!&ndash;READ ONE &ndash;&gt;
        <action name="spot_detail"
                class="org.example.demo.climb.webapp.action.__todelete.GestionSpotAction"
                method="doDetail">
            <interceptor-ref name="store">
                <param name="operationMode">RETRIEVE</param>
            </interceptor-ref>
            <interceptor-ref name="defaultStack"/>

            <result name="success">../../../webapp/jsp/spot/routeDetail.jsp</result>
        </action>




       &lt;!&ndash; EDIT&ndash;&gt;
        <action name="spot_edit"
                class="org.example.demo.climb.webapp.action.__todelete.GestionSpotAction"
                method="doEdit">
            <interceptor-ref name="store">
                <param name="operationMode">RETRIEVE</param>
            </interceptor-ref>
            <interceptor-ref name="defaultStack"/>
            <result name="success">/jsp/spot/form/memberDetail.jsp</result>
        </action>


        &lt;!&ndash; DELETE &ndash;&gt;
        <action name="spot_delete"
                class="org.example.demo.climb.webapp.action.__todelete.GestionSpotAction"
                method="doDelete">
            <interceptor-ref name="store">
                <param name="operationMode">RETRIEVE</param>
            </interceptor-ref>
            <interceptor-ref name="defaultStack"/>
            <result name="success" type="redirectAction">
                <param name="actionName">spot_list</param>
                <param name="id">${id}</param>
            </result>
        </action>


    </package>
    <include file="struts_xml/struts-default2.xml"/>
</struts>-->
