<?xml version="1.0" encoding="UTF-8"?>

<!DOCTYPE struts PUBLIC
        "-//Apache Software Foundation//DTD Struts Configuration 2.5//EN"
        "http://struts.apache.org/dtds/struts-2.5.dtd">

<struts>

    <package name="Comment" extends="struts-default">

        <action name="createCommentRoute"
                class="org.example.demo.climb.webapp.action.CreationCommentAction"
                method="doCreateCommentRoute">
            <result name="input">/jsp/__toDelete/newComment.jsp</result>
            <result name="success" type="redirectAction">
                <param name="actionName">route_detail</param>
                <param name="id">${comment.route.id}</param>
            </result>
        </action>

        <action name="contactAdmin"
                class="org.example.demo.climb.webapp.action.CreationCommentAction"
                method="doContactAdmin">
            <result name="input">/jsp/comment/form/newMessage.jsp</result>
            <result name="success">/jsp/comment/messageSentOk.jsp</result>
        </action>

        <action name="createCommentSpot"
                class="org.example.demo.climb.webapp.action.CreationCommentAction"
                method="doCreateCommentSpot">
           <!-- <result name="input">/jsp/spot/newComment.jsp</result>-->
            <result name="input" type="redirectAction">
                <param name="actionName">spot_detail</param>
                <param name="id">${comment.spot.id}</param>
                <param name="anchor">Comments</param>
            </result>
            <result name="success" type="redirectAction">
                <param name="actionName">spot_detail</param>
                <param name="id">${comment.spot.id}</param>
                <param name="anchor">Comments</param>
            </result>
        </action>

        <!-- READ ALL COMMENTS -->
        <action name="comment_lists"
                class="org.example.demo.climb.webapp.action.CreationCommentAction"
                method="doListComments">
            <result name="success">/jsp/comment/listAllComment.jsp</result>
        </action>


        <!-- DELETE COMMENT -->
        <action name="comment_delete"
                class="org.example.demo.climb.webapp.action.CreationCommentAction"
                method="doDelete">
            <result name="input" type="redirectAction">
                <param name="actionName">comment_lists</param>
            </result>
            <result name="success" type="redirectAction">
                <param name="actionName">comment_lists</param>
            </result>

        </action>

        <!-- READ ALL COMMENT ROUTE -->
        <action name="comment_list_route"
                class="org.example.demo.climb.webapp.action.CreationCommentAction"
                method="doListCommentRoute">
            <result name="success">/jsp/__toDelete/listCommentRoute.jsp</result>
        </action>

        <!-- READ ALL COMMENT SPOT -->
        <action name="comment_list_spot"
                class="org.example.demo.climb.webapp.action.CreationCommentAction"
                method="doListCommentSpot">
            <result name="success">/jsp/__toDelete/listCommentSpot.jsp</result>
        </action>


        <!-- DELETE -->
        <action name="spot_comment_delete"
                class="org.example.demo.climb.webapp.action.CreationCommentAction"
                method="doDelete">
            <interceptor-ref name="store">
                <param name="operationMode">RETRIEVE</param>
            </interceptor-ref>
            <interceptor-ref name="defaultStack"/>
            <result name="success" type="redirectAction">
                <param name="actionName">spot_detail</param>
                <param name="id">${spot.id}</param>
                <param name="anchor">Comments</param>
            </result>
        </action>

        <!-- DELETE -->
        <action name="route_comment_delete"
                class="org.example.demo.climb.webapp.action.CreationCommentAction"
                method="doDelete">
            <interceptor-ref name="store">
                <param name="operationMode">RETRIEVE</param>
            </interceptor-ref>
            <interceptor-ref name="defaultStack"/>
            <result name="success" type="redirectAction">
                <param name="actionName">route_detail</param>
                <param name="id">${comment.route.id}</param>
                <param name="anchor">Comments</param>
            </result>
        </action>
        <!-- DELETE -->
        <action name="topo_comment_delete"
                class="org.example.demo.climb.webapp.action.CreationCommentAction"
                method="doDelete">
            <interceptor-ref name="store">
                <param name="operationMode">RETRIEVE</param>
            </interceptor-ref>
            <interceptor-ref name="defaultStack"/>
            <result name="success" type="redirectAction">
                <param name="actionName">topo_detail</param>
                <param name="id">${topo.id}</param>
                <param name="anchor">Comments</param>
            </result>
        </action>
    </package>
</struts>
