<?xml version="1.0" encoding="UTF-8"?>

<!DOCTYPE struts PUBLIC
        "-//Apache Software Foundation//DTD Struts Configuration 2.5//EN"
        "http://struts.apache.org/dtds/struts-2.5.dtd">

<struts>
    <package name="Default" extends="struts-default, json-default">

        <!--Default action-->
        <default-action-ref name="index"/>

        <!--Global results-->
        <global-results>
            <result name="error" type="json">
                <param name="statusCode">400</param>
                <param name="includeProperties">actionErrors.*,fieldErrors.*</param>
                <!--To access the attributes from the parent action class-->
                <param name="ignoreHierarchy">false</param>
            </result>
        </global-results>

        <!--Index Action-->
        <action name="index" class="org.example.demo.climb.webapp.action.CreationSpotAction"
                method="doIndex">
            <result name="success">/jsp/index.jsp</result>
        </action>



    </package>

</struts>