<?xml version="1.0" encoding="UTF-8"?>

<!DOCTYPE struts PUBLIC
        "-//Apache Software Foundation//DTD Struts Configuration 2.5//EN"
        "http://struts.apache.org/dtds/struts-2.5.dtd">

<struts>


    <package name="Session" extends="struts-default">

        <!-- Login -->
        <action name="login"
                class="org.example.demo.climb.webapp.action.LoginAction"
                method="doLogin">
            <result name="input">/jsp/member/login/login.jsp</result>

            <result name="success">/jsp/member/login/loginOk.jsp</result>

        </action>

        <!--Logout-->
        <action name="logout"
                class="org.example.demo.climb.webapp.action.LoginAction"
                method="doLogout">
            <result name="success">/jsp/member/login/logoutOk.jsp</result>
        </action>

        <!--PASSWORD RESET-->
        <action name="pwd_reset"
                class="org.example.demo.climb.webapp.action.LoginAction"
                method="doReset">
           <!-- <interceptor-ref name="store">
                <param name="operationMode">RETRIEVE</param>
            </interceptor-ref>
            <interceptor-ref name="defaultStack"/>-->
            <result name="input">/jsp/member/login/password_reset.jsp</result>
            <result name="success">/jsp/member/login/resetOk.jsp</result>
        </action>


    </package>
</struts>