<?xml version="1.0" encoding="UTF-8"?>

<!DOCTYPE struts PUBLIC
        "-//Apache Software Foundation//DTD Struts Configuration 2.5//EN"
        "http://struts.apache.org/dtds/struts-2.5.dtd">

<struts>

    <package name="Spot" extends="struts-default">

        <!--&lt;!&ndash;SELECT COUNTRY&ndash;&gt;
    <action name="choseCountry"
            class="org.example.demo.climb.webapp.action.CreationSpotAction"
            method="doListCountry">
         <result>/jsp/spot/choseCountry.jsp</result>
        </action>-->

       <!-- &lt;!&ndash;SELECT CITY&ndash;&gt;
        <action name="choseCity"
                class="org.example.demo.climb.webapp.action.CreationSpotAction"
                method="doListCity">
            <result>/jsp/spot/choseCity.jsp</result>
        </action>-->

        <!-- CREATE SPOT-->
        <action name="createSpot"
                class="org.example.demo.climb.webapp.action.CreationSpotAction"
                method="doCreateSpot">
            <result name="input">/jsp/spot/form/newSpot.jsp</result>
            <result name="success" type="redirectAction">
                <param name="actionName">spot_detail</param>
                <param name="id">${spot.id}</param>
            </result>
        </action>

       <!-- &lt;!&ndash; CREATE SPOT AND CITY&ndash;&gt;
        <action name="createSpotAndCity"
                         class="org.example.demo.climb.webapp.action.CreationSpotAction"
                         method="doCreateSpot">
            <result name="input">/jsp/spot/newSpotAndCity.jsp</result>
            <result name="success" type="redirectAction">
                <param name="actionName">createRoute</param>
            </result>
         </action>-->

        <!--READ ONE -->
        <action name="spot_detail"
                class="org.example.demo.climb.webapp.action.CreationSpotAction"
                method="doDetail">
            <interceptor-ref name="store">
                <param name="operationMode">RETRIEVE</param>
            </interceptor-ref>
            <interceptor-ref name="defaultStack"/>
            <result name="success">/jsp/spot/detail/spotDetail.jsp</result>
        </action>


        <!-- READ ALL -->
        <action name="spot_list"
                class="org.example.demo.climb.webapp.action.CreationSpotAction"
                method="doList">
            <result>/jsp/spot/spotSpace.jsp</result>
        </action>

       <!-- &lt;!&ndash; EDIT &ndash;&gt;
        <action name="spot_edit"
                class="org.example.demo.climb.webapp.action.CreationSpotAction"
                method="doEdit">
            <interceptor-ref name="store">
                <param name="operationMode">RETRIEVE</param>
            </interceptor-ref>
            <interceptor-ref name="defaultStack"/>
            <result name="success">/jsp/spot/form/spot_update.jsp</result>
        </action>-->
        <!-- UPDATE -->
        <action name="spot_update"
                class="org.example.demo.climb.webapp.action.CreationSpotAction"
                method="doUpdate">
            <interceptor-ref name="store">
                <param name="operationMode">RETRIEVE</param>
            </interceptor-ref>
            <interceptor-ref name="defaultStack"/>
            <result name="input">/jsp/spot/form/spot_update.jsp</result>
            <result name="success" type="redirectAction">
                <param name="actionName">spot_detail</param>
                <param name="id">${spot.id}</param>
            </result>
        </action>
        <!--&lt;!&ndash; UPDATE &ndash;&gt;
        <action name="spot_update"
                class="org.example.demo.climb.webapp.action.CreationSpotAction"
                method="doUpdate">
            <interceptor-ref name="store">
                <param name="operationMode">RETRIEVE</param>
            </interceptor-ref>
            <interceptor-ref name="defaultStack"/>
            <result name="input">/jsp/spot/form/spot_update.jsp</result>
            <result name="success" type="redirectAction">
                <param name="actionName">spot_list</param>
            </result>
        </action>-->

        <!-- DELETE -->
        <action name="spot_delete"
                class="org.example.demo.climb.webapp.action.CreationSpotAction"
                method="doDelete">
            <interceptor-ref name="store">
                <param name="operationMode">RETRIEVE</param>
            </interceptor-ref>
            <interceptor-ref name="defaultStack"/>
            <result name="success" type="redirectAction">
                <param name="actionName">spot_list</param>
                <param name="id">${id}</param>
            </result>
        </action>

    </package>
</struts>
