<?xml version="1.0" encoding="UTF-8"?>

<!DOCTYPE struts PUBLIC
        "-//Apache Software Foundation//DTD Struts Configuration 2.5//EN"
        "http://struts.apache.org/dtds/struts-2.5.dtd">

<struts>


    <package name="Topo" extends="struts-default">
        <!-- CREATE-->
        <action name="topo_new"
                class="org.example.demo.climb.webapp.action.CreationTopoAction"
                method="doCreateTopo">
            <result name="input" >/jsp/topo/form/newTopo.jsp</result>
            <result name="success" type="redirectAction">
                <param name="actionName">topo_detail</param>
                <param name="id">${topo.id}</param>
            </result>
            <result name="error">/jsp/member/login/login.jsp</result>
        </action>



        <!-- READ ALL -->
        <action name="topo_list"
                class="org.example.demo.climb.webapp.action.CreationTopoAction"
                method="doList">
            <result>/jsp/topo/topoSpace.jsp</result>

        </action>
        <!-- READ ALL -->
        <action name="topo_booking"
                class="org.example.demo.climb.webapp.action.CreationTopoAction"
                method="doBooking">
            <result name="input">/jsp/booking/booking.jsp?${id}</result>
            <result name="success" type="redirectAction">
                <param name="actionName">mySpace</param>
                <param name="id">${booking.booker.id}</param>
                <param name="anchor">MyBookings</param>

            </result>

        </action>
        <action name="submitBooking"
                class="org.example.demo.climb.webapp.action.CreationTopoAction"
                method="doValidateBooking">
            <result>/jsp/booking/date.jsp</result>
        </action>

        <action name="endBooking"
                class="org.example.demo.climb.webapp.action.CreationTopoAction"
                method="doEndBooking">
            <result name="input" type="redirectAction">
                <param name="actionName">mySpace</param>
            </result>
            <result name="success" type="redirectAction">
                <param name="actionName">mySpace</param>
                <param name="id">${memberId}</param>
                <param name="anchor">MyBookings</param>
            </result>
        </action>

        <action name="bookingList"
                class="org.example.demo.climb.webapp.action.CreationTopoAction"
                method="doListBooking">
            <result>/jsp/booking/bookingSpace.jsp</result>
        </action>
        <!--READ ONE -->
        <action name="topo_detail"
                class="org.example.demo.climb.webapp.action.CreationTopoAction"
                method="doDetail">
            <interceptor-ref name="store">
                <param name="operationMode">RETRIEVE</param>
            </interceptor-ref>
            <interceptor-ref name="defaultStack"/>

            <result name="success">jsp/topo/topoDetail.jsp</result>
        </action>

        <!-- ADDING SPOT TO TOPO -->
        <action name="topo_addSpot"
                class="org.example.demo.climb.webapp.action.CreationTopoAction"
                method="addSpotToTopo">
            <interceptor-ref name="store">
                <param name="operationMode">RETRIEVE</param>
            </interceptor-ref>
            <interceptor-ref name="defaultStack"/>

            <result name="success" type="redirectAction">
                <param name="actionName">topo_detail</param>
                <param name="id">${topo.id}</param>
            </result>
        </action>

        <!-- REMOVING SPOT FROM TOPO -->
        <action name="topo_removeSpot"
                class="org.example.demo.climb.webapp.action.CreationTopoAction"
                method="removeSpotFromTopo">
            <interceptor-ref name="store">
                <param name="operationMode">RETRIEVE</param>
            </interceptor-ref>
            <interceptor-ref name="defaultStack"/>

            <result name="success" type="redirectAction">
                <param name="actionName">topo_detail</param>
                <param name="id">${topo.id}</param>
            </result>
        </action>


<!--
        &lt;!&ndash; EDIT &ndash;&gt;
        <action name="topo_edit"
                class="org.example.demo.climb.webapp.action.CreationTopoAction"
                method="doEditTopo">
            <interceptor-ref name="store">
                <param name="operationMode">RETRIEVE</param>
            </interceptor-ref>
            <interceptor-ref name="defaultStack"/>
            <result name="success">/jsp/topo/form/updateTopo.jsp</result>
        </action>-->

        <!-- UPDATE-->
        <action name="topo_update"
                class="org.example.demo.climb.webapp.action.CreationTopoAction"
                method="doUpdateTopo">
            <interceptor-ref name="store">
                <param name="operationMode">RETRIEVE</param>
            </interceptor-ref>
            <interceptor-ref name="defaultStack"/>
            <result name="input">
                /jsp/topo/form/updateTopo.jsp
            </result>
            <result name="success" type="redirectAction">
                <param name="actionName">topo_detail</param>
                <param name="id">${topo.id}</param>
            </result>
            <result name="error">/jsp/member/login/login.jsp</result>
        </action>
        <!-- DELETE-->
        <!--<action name="topo_delete"
                class="org.example.demo.climb.webapp.action.CreationTopoAction"
                method="doDeleteTopo">
            <result name="success" type="redirectAction">
                <param name="actionName">index</param>
            </result>
        </action>-->
        <!-- DELETE -->
        <action name="topo_delete"
                class="org.example.demo.climb.webapp.action.CreationTopoAction"
                method="doDeleteTopo">
            <interceptor-ref name="store">
                <param name="operationMode">RETRIEVE</param>
            </interceptor-ref>
            <interceptor-ref name="defaultStack"/>
            <result name="success" type="redirectAction">
                <param name="actionName">topo_list</param>
            </result>
        </action>
    </package>
</struts>